{"cameraMode":{"drawMode":0,"name":"Shaded","section":"Shading Mode"},"sceneLighting":false,"audioPlay":false,"sceneViewState":{"showFog":true,"showMaterialUpdate":false,"showSkybox":true,"showFlares":true,"showImageEffects":true,"showParticleSystems":true},"in2DMode":false,"pivot":{"x":-2.7008354663848878e-8,"y":0.0186312198638916,"z":-1.4901161193847657e-8},"rotation":{"x":0.30867552757263186,"y":-0.6050290465354919,"z":0.27434927225112917,"w":0.6807288527488709},"size":0.19209420680999757,"orthographic":false}