{"cameraMode":{"drawMode":0,"name":"Shaded","section":"Shading Mode"},"sceneLighting":false,"audioPlay":false,"sceneViewState":{"showFog":true,"showMaterialUpdate":false,"showSkybox":true,"showFlares":true,"showImageEffects":true,"showParticleSystems":true},"in2DMode":false,"pivot":{"x":0.0,"y":1.3852983713150025,"z":0.0000026226043701171877},"rotation":{"x":0.23962680995464326,"y":-0.553122878074646,"z":0.17002113163471223,"w":0.7795684933662415},"size":10.94525146484375,"orthographic":false}