{"cameraMode":{"drawMode":0,"name":"Shaded","section":"Shading Mode"},"sceneLighting":false,"audioPlay":false,"sceneViewState":{"showFog":true,"showMaterialUpdate":false,"showSkybox":true,"showFlares":true,"showImageEffects":true,"showParticleSystems":true},"in2DMode":false,"pivot":{"x":-2.1420419216156007e-8,"y":0.014325380325317383,"z":2.9802322387695315e-8},"rotation":{"x":0.23962680995464326,"y":-0.553122878074646,"z":0.17002113163471223,"w":0.7795684933662415},"size":0.12650766968727113,"orthographic":false}