{"cameraMode":{"drawMode":0,"name":"Shaded","section":"Shading Mode"},"sceneLighting":false,"audioPlay":false,"sceneViewState":{"showFog":true,"showMaterialUpdate":false,"showSkybox":true,"showFlares":true,"showImageEffects":true,"showParticleSystems":true},"in2DMode":false,"pivot":{"x":0.0,"y":2.04093074798584,"z":-0.2588043212890625},"rotation":{"x":0.30867552757263186,"y":-0.6050290465354919,"z":0.27434927225112917,"w":0.6807288527488709},"size":16.412212371826173,"orthographic":false}