{"cameraMode":{"drawMode":0,"name":"Shaded","section":"Shading Mode"},"sceneLighting":false,"audioPlay":false,"sceneViewState":{"showFog":true,"showMaterialUpdate":false,"showSkybox":true,"showFlares":true,"showImageEffects":true,"showParticleSystems":true},"in2DMode":false,"pivot":{"x":-85.91619873046875,"y":-71.58103942871094,"z":19.955204010009767},"rotation":{"x":-0.29591381549835207,"y":0.6921338438987732,"z":-0.3820025622844696,"w":-0.5361527800559998},"size":228.8787384033203,"orthographic":false}