{"cameraMode":{"drawMode":0,"name":"Shaded","section":"Shading Mode"},"sceneLighting":false,"audioPlay":false,"sceneViewState":{"showFog":true,"showMaterialUpdate":false,"showSkybox":true,"showFlares":true,"showImageEffects":true,"showParticleSystems":true},"in2DMode":false,"pivot":{"x":-0.02707534283399582,"y":0.02000289596617222,"z":0.018950367346405984},"rotation":{"x":0.23962680995464326,"y":-0.553122878074646,"z":0.17002113163471223,"w":0.7795684933662415},"size":0.4578479528427124,"orthographic":false}