{"cameraMode":{"drawMode":0,"name":"Shaded","section":"Shading Mode"},"sceneLighting":false,"audioPlay":false,"sceneViewState":{"showFog":true,"showMaterialUpdate":false,"showSkybox":true,"showFlares":true,"showImageEffects":true,"showParticleSystems":true},"in2DMode":false,"pivot":{"x":-0.029095619916915895,"y":-0.012876210734248162,"z":0.00674298033118248},"rotation":{"x":0.28454288840293887,"y":-0.5172615051269531,"z":0.1874784678220749,"w":0.7850654721260071},"size":0.14970284700393678,"orthographic":false}