{"cameraMode":{"drawMode":0,"name":"Shaded","section":"Shading Mode"},"sceneLighting":false,"audioPlay":false,"sceneViewState":{"showFog":true,"showMaterialUpdate":false,"showSkybox":true,"showFlares":true,"showImageEffects":true,"showParticleSystems":true},"in2DMode":false,"pivot":{"x":-2.1420419216156007e-8,"y":0.016273915767669679,"z":0.0},"rotation":{"x":0.29843583703041079,"y":-0.7015090584754944,"z":0.45233938097953799,"w":0.46282854676246645},"size":0.13504710793495179,"orthographic":false}