{"cameraMode":{"drawMode":0,"name":"Shaded","section":"Shading Mode"},"sceneLighting":false,"audioPlay":false,"sceneViewState":{"showFog":true,"showMaterialUpdate":false,"showSkybox":true,"showFlares":true,"showImageEffects":true,"showParticleSystems":true},"in2DMode":false,"pivot":{"x":-2.1420419216156007e-8,"y":0.01522645354270935,"z":3.725290298461914e-9},"rotation":{"x":0.30867552757263186,"y":-0.6050290465354919,"z":0.27434927225112917,"w":0.6807288527488709},"size":0.13456366956233979,"orthographic":false}