{"cameraMode":{"drawMode":0,"name":"Shaded","section":"Shading Mode"},"sceneLighting":false,"audioPlay":false,"sceneViewState":{"showFog":true,"showMaterialUpdate":false,"showSkybox":true,"showFlares":true,"showImageEffects":true,"showParticleSystems":true},"in2DMode":false,"pivot":{"x":-2.1420419216156007e-8,"y":0.014325380325317383,"z":2.9802322387695315e-8},"rotation":{"x":0.29843583703041079,"y":-0.7015090584754944,"z":0.45233938097953799,"w":0.46282854676246645},"size":0.12650766968727113,"orthographic":false}