{"cameraMode":{"drawMode":0,"name":"Shaded","section":"Shading Mode"},"sceneLighting":false,"audioPlay":false,"sceneViewState":{"showFog":true,"showMaterialUpdate":false,"showSkybox":true,"showFlares":true,"showImageEffects":true,"showParticleSystems":true},"in2DMode":false,"pivot":{"x":0.0,"y":1.3852983713150025,"z":0.0000026226043701171877},"rotation":{"x":0.29843583703041079,"y":-0.7015090584754944,"z":0.45233938097953799,"w":0.46282854676246645},"size":10.94525146484375,"orthographic":false}