{"cameraMode":{"drawMode":0,"name":"Shaded","section":"Shading Mode"},"sceneLighting":false,"audioPlay":false,"sceneViewState":{"showFog":true,"showMaterialUpdate":false,"showSkybox":true,"showFlares":true,"showImageEffects":true,"showParticleSystems":true},"in2DMode":false,"pivot":{"x":0.24597549438476563,"y":3.962221622467041,"z":1.2436504364013672},"rotation":{"x":-0.20405568182468415,"y":0.7951352000236511,"z":-0.4234173595905304,"w":-0.3831958770751953},"size":45.35745620727539,"orthographic":false}